SRA experiment	BioSample
SRX3751779	SAMN08623583
SRX3751773	SAMN08623589
SRX2661249	SAMN06603743
SRX2661248	SAMN06603744
SRX2661247	SAMN06603745
SRX027400	SAMN00113743
SRX1047628	SAMN03758579
SRX11166824	SAMN19730653
SRX11094097	SAMN19606618
SRX13942153	SAMN25301037
SRX8151650	SAMN14655914
SRX12412393	SAMN21909320
SRX019491	SAMN00011852
SRX134732	SAMN00847536
SRX2039895	SAMN05607962
SRX825365	SAMN03273763
SRX1272800	SAMN04100871
SRX10474959	SAMN07791124
SRX7767937	SAMN14161362
SRX6724548	SAMN12587274
SRX14923640	SAMN27646102
SRX4466633	SAMN09722766
SRX10591719	SAMN18721507
SRX3751781	SAMN08623581
SRX17561461	SAMN30839353
SRX10477231	SAMN18513275
SRX7767936	SAMN14161363
SRX10478652	SAMN18512885
SRX760962	SAMN03196925
SRX4550082	SAMN09828521
SRX032890	SAMN00139501
SRX3092157	SAMN07503885
SRX10660834	SAMN07790804
SRX7767938	SAMN14161361
SRX539685	SAMN02768523
SRX3092165	SAMN07503886
SRX3766939	SAMN08637931
SRX821807	SAMN03272618
SRX5661492	SAMN11387812
ERX3472229	SAMEA5807725
ERX206137	SAMEA1877861
SRX573012	SAMN02839444
SRX573013	SAMN02839450
ERX1305845	SAMEA3862447
SRX9521085	SAMN16817065
SRX5548889	SAMN11179198
ERX1305842	SAMEA3862444
SRX026641	SAMN00113182
SRX026657	SAMN00113198
SRX6493818	SAMN12345736
SRX2026364	SAMN05579877
SRX15231427	SAMN28188730
SRX1085073	SAMN03846961
SRX3636795	SAMN08448325
SRX17045762	SAMN30285769
SRX19237130	SAMN32983121
SRX8807159	SAMN15618765
SRX17215536	SAMN30501305
SRX9681369	SAMN17075489
SRX12877678	SAMN22820478
SRX12877679	SAMN22820479
ERX9971450	SAMEA111533044
SRX6966116	SAMN12995238
SRX6704385	SAMN12562563
ERX1302297	SAMEA3857551
SRX114606	SAMN00769956
SRX019713	SAMN00012098
SRX9606386	SAMN16956258
ERX200492	SAMEA1706514
SRX3591428	SAMN08378918
SRX11375077	SAMN20109422
SRX2349630	SAMN06017650
SRX095396	SAMN00715095
ERX2736461	SAMEA4814081
SRX5862438	SAMN11730053
SRX1054877	SAMN03766828
SRX7029035	SAMN13068494
SRX095395	SAMN00715094
SRX205129	SAMN01816402
SRX1047327	SAMN03758722
SRX201295	SAMN01780234
SRX201256	SAMN01780195
SRX10194309	SAMN18093599
SRX3545870	SAMN08334934
SRX2831680	SAMN07138115
DRX000744	SAMD00009960
SRX095394	SAMN00715093
DRX113857	SAMD00108460
SRX14359219	SAMN26417682
SRX11896365	SAMN20962077
SRX10001314	SAMN17734299
SRX3048878	SAMN07426761
SRX2713354	SAMN06690562
SRX019763	SAMN00012132
SRX9560792	SAMN16878056
SRX1901489	SAMN05363626
SRX055164	SAMN00254249
SRX1331086	SAMN04160435
SRX040413	SAMN00204013
ERX2242349	SAMEA104324882
SRX13711950	SAMN24812994
SRX026653	SAMN00113194
SRX005154	SAMN00002390
SRX323151	SAMN02252542
SRX040388	SAMN00204015
SRX8167512	SAMN14681298
SRX3584970	SAMN08366891
DRX182776	SAMD00187518
SRX189431	SAMN01730122
SRX040396	SAMN00204017
SRX323154	SAMN02252538
SRX040389	SAMN00204019
SRX1081253	SAMN03840162
SRX005383	SAMN00002564
SRX2438155	SAMN06169762
SRX2802052	SAMN06932832
ERX626775	SAMEA2396188
ERX334107	SAMEA2234735
SRX10094996	SAMN17910348
SRX029079	SAMN00116377
SRX14766715	SAMN27388661
SRX2281258	SAMN05951177
SRX5574395	SAMN11252785
SRX070881	SAMN00622413
SRX9857723	SAMN17341888
SRX7798949	SAMN14206172
SRX11783349	SAMN20813011
SRX1091817	SAMN03854444
SRX11513458	SAMN20340122
ERX3279726	SAMEA5537262
ERX297423	SAMEA2165294
SRX10477174	SAMN18513707
SRX1048454	SAMN03761435
SRX1528525	SAMN04397483
SRX14648667	SAMN27058498
SRX2802051	SAMN06932833
SRX5574379	SAMN11252845
SRX11712744	SAMN20525567
SRX1081258	SAMN03840167
ERX5370393	SAMEA8507198
SRX1042046	SAMN03742475
SRX2481499	SAMN06215581
ERX3251910	SAMEA5424630
SRX11712746	SAMN20525568
SRX11783355	SAMN20813019
SRX10760264	SAMN18987049
SRX11857124	SAMN20923616
SRX3680708	SAMN08518249
SRX19323739	SAMN33229054
SRX11101497	SAMN19643588
SRX10661245	SAMN18813951
SRX4513677	SAMN09769821
SRX18851120	SAMN32409351
SRX1073585	SAMN03795189
SRX5182323	SAMN10653972
SRX8066534	SAMN14545605
SRX8066532	SAMN14545607
SRX8066530	SAMN14545609
ERX2812236	SAMEA4924241
SRX019963	SAMN00012326
ERX2812258	SAMEA4924263
ERX2812282	SAMEA4924287
SRX150409	SAMN01000870
SRX3925835	SAMN08917659
SRX188968	SAMN01180317
SRX188947	SAMN01180296
ERX2812237	SAMEA4924242
SRX3763547	SAMN04457507
SRX5371250	SAMN10924155
ERX2812239	SAMEA4924244
ERX2812242	SAMEA4924247
ERX2812243	SAMEA4924248
ERX2812244	SAMEA4924249
ERX2812245	SAMEA4924250
SRX7478421	SAMN13699325
ERX2812248	SAMEA4924253
ERX2812249	SAMEA4924254
SRX3763553	SAMN08606296
ERX2812252	SAMEA4924257
ERX2812253	SAMEA4924258
ERX2812254	SAMEA4924259
ERX2812256	SAMEA4924261
ERX2812257	SAMEA4924262
ERX2812260	SAMEA4924265
ERX2812261	SAMEA4924266
ERX2812262	SAMEA4924267
ERX2812265	SAMEA4924270
ERX2812267	SAMEA4924272
ERX2812271	SAMEA4924276
SRX080364	SAMN00631382
ERX2812273	SAMEA4924278
ERX2812274	SAMEA4924279
ERX2812276	SAMEA4924281
SRX069118	SAMN00622243
SRX069105	SAMN00622230
SRX111778	SAMN00765606
SRX111774	SAMN00765602
SRX111773	SAMN00765601
SRX111776	SAMN00765604
SRX111775	SAMN00765603
SRX111777	SAMN00765605
SRX080355	SAMN00631373
ERX2812277	SAMEA4924282
SRX080404	SAMN00631421
SRX080333	SAMN00631350
SRX4451988	SAMN09708632
DRX082683	SAMD00061215
SRX4451992	SAMN09708628
SRX4451994	SAMN09708659
SRX4451996	SAMN09708653
SRX4451998	SAMN09708651
SRX4452000	SAMN09708649
SRX4452002	SAMN09708647
SRX4452004	SAMN09708645
SRX4452006	SAMN09708643
SRX4452008	SAMN09708641
SRX4452010	SAMN09708639
SRX4452012	SAMN09708637
SRX4452014	SAMN09708635
SRX017911	SAMN00010286
SRX017882	SAMN00010257
SRX4452020	SAMN09708655
SRX188962	SAMN01180311
SRX188946	SAMN01180295
SRX017875	SAMN00010250
SRX4342282	SAMN09603991
SRX1532486	SAMN04417692
SRX356561	SAMN02359312
SRX031171	SAMN00120332
SRX764580	SAMN03202819
SRX017863	SAMN00010238
SRX764673	SAMN03202806
SRX764638	SAMN03202708
SRX017894	SAMN00010269
SRX017870	SAMN00010245
SRX764630	SAMN03202674
SRX764618	SAMN03202686
SRX764642	SAMN03202689
SRX017858	SAMN00010233
SRX100910	SAMN00739121
SRX031179	SAMN00120340
SRX100903	SAMN00739114
SRX764623	SAMN03202724
SRX10661057	SAMN18814418
SRX188950	SAMN01180299
SRX5608491	SAMN11290785
SRX4955508	SAMN10347804
SRX4955510	SAMN10347802
SRX4955512	SAMN10347800
SRX4955514	SAMN10347798
SRX4955516	SAMN10347796
SRX10424632	SAMN18444916
SRX1048462	SAMN03761443
SRX13625879	SAMN12583135
SRX1135997	SAMN03979293
SRX12877680	SAMN22820480
SRX13438150	SAMN24041242
DRX205256	SAMD00209795
DRX059607	SAMD00055680
SRX11783358	SAMN20813022
SRX2733322	SAMN06701901
SRX10715329	SAMN18926520
SRX13180425	SAMN23313519
SRX13180426	SAMN23313520
SRX13180427	SAMN23313521
SRX13180428	SAMN23313522
ERX5432157	SAMEA8569288
ERX1103207	SAMEA3368294
SRX5679903	SAMN11414803
SRX026659	SAMN00113200
ERX3774059	SAMEA6428126
SRX2675798	SAMN06645362
SRX8423460	SAMN15053768
SRX10239005	SAMN18139392
DRX100824	SAMD00097609
SRX11783293	SAMN20813027
SRX17134562	SAMN30370461
SRX1085070	SAMN03846958
SRX11783277	SAMN20813030
ERX5370387	SAMEA8507192
DRX384500	SAMD00520858
SRX255043	SAMN01991935
SRX17045763	SAMN30285768
SRX9350606	SAMN16532739
SRX092450	SAMN00710397
SRX18259601	SAMN31715307
SRX18259597	SAMN31715302
SRX625673	SAMN02872937
SRX5679924	SAMN11414773
SRX246077	SAMN01931902
SRX3746154	SAMN08616677
SRX4676640	SAMN10055324
SRX7528400	SAMN13809607
SRX2900605	SAMN07210971
SRX14524939	SAMN26814325
SRX10760256	SAMN18987057
SRX1048464	SAMN03761445
SRX17159336	SAMN30427864
SRX684730	SAMN03001978
SRX5133516	SAMN10596819
SRX11996391	SAMN21206963
SRX17152985	SAMN30413324
SRX2937338	SAMN07258796
SRX7280994	SAMN13497297
SRX6746432	SAMN12611298
DRX171266	SAMD00173569
SRX015825	SAMN00007538
SRX035160	SAMN00149686
SRX2733324	SAMN06701899
DRX021043	SAMD00019950
SRX8420194	SAMN15050675
SRX1048471	SAMN03761452
SRX8472388	SAMN15102422
SRX4949856	SAMN10341396
SRX026634	SAMN00113175
SRX1974321	SAMN05437877
ERX3613518	SAMEA6116913
ERX3613520	SAMEA6116915
SRX10158151	SAMN18040659
SRX10184505	SAMN18083297
SRX10465423	SAMN18524514
SRX8517997	SAMN15197988
SRX11595965	SAMN20460942
SRX2548277	SAMN06318276
SRX5608490	SAMN11290786
SRX11222225	SAMN19915721
SRX063287	SAMN00618994
SRX4949859	SAMN10341393
SRX4949860	SAMN10341392
SRX4949861	SAMN10341391
SRX4949862	SAMN10341390
SRX4949863	SAMN10341389
SRX4949864	SAMN10341388
SRX2957699	SAMN07278949
SRX4949867	SAMN10341385
SRX6430571	SAMN12254871
SRX6430576	SAMN12254888
SRX4949868	SAMN10341384
SRX17033221	SAMN30265321
SRX12877681	SAMN22820481
SRX10976463	SAMN06464543
ERX1103214	SAMEA3368301
ERX5359427	SAMEA8492456
SRX367993	SAMN02384486
SRX2370631	SAMN06044779
SRX2370752	SAMN06044775
SRX4949869	SAMN10341383
SRX243764	SAMN01923923
SRX367995	SAMN02384485
SRX10760268	SAMN18987045
SRX17737823	SAMN31065847
SRX7396397	SAMN13612150
SRX14649550	SAMN27058660
SRX5865715	SAMN11783640
SRX014753	SAMN00006856
SRX061973	SAMN00264813
SRX17029658	SAMN30262166
SRX5011772	SAMN10431604
SRX15144381	SAMN28079239
SRX8868924	SAMN15702500
SRX13625881	SAMN12583133
SRX10475465	SAMN06464334
SRX10064998	SAMN17850967
SRX515129	SAMN02725469
SRX20623993	SAMN35661485
DRX012076	SAMD00010818
ERX329611	SAMEA2224246
SRX8841617	SAMN15664617
SRX118079	SAMN00779659
SRX2380901	SAMN06067811
SRX092414	SAMN00710360
ERX297405	SAMEA2165289
ERX1825292	SAMEA26580418
SRX262143	SAMN02009219
SRX10650904	SAMN18819793
SRX9234588	SAMN16351294
SRX15036325	SAMN27923338
SRX10760266	SAMN18987047
ERX2277468	SAMEA104441598
SRX3421768	SAMN08097274
SRX2733326	SAMN06701897
SRX1665937	SAMN04588216
SRX265218	SAMN02045652
SRX8517975	SAMN15197985
SRX13450309	SAMN24217338
SRX4666811	SAMN10026964
ERX1103212	SAMEA3368299
ERX3774062	SAMEA6428129
ERX9147763	SAMEA14090969
ERX8316085	SAMEA13003455
SRX1460827	SAMN04313053
SRX13811033	SAMN25042769
SRX12877682	SAMN22820482
SRX13811034	SAMN25042770
ERX9971455	SAMEA111533049
SRX1048473	SAMN03761454
SRX5679882	SAMN11414795
SRX17045764	SAMN30285767
SRX6865323	SAMN12781132
DRX001457	SAMD00008869
SRX758130	SAMN03177074
DRX059812	SAMD00055856
SRX2438580	SAMN06172572
ERX378357	SAMEA2335244
SRX10004658	SAMN17761243
SRX1287844	SAMN04112834
SRX9605731	SAMN16956068
SRX13811035	SAMN25042771
SRX10001321	SAMN17734359
ERX2277480	SAMEA104441610
ERX2550614	SAMEA4603255
SRX11712766	SAMN20525582
SRX11712877	SAMN20525583
SRX8807166	SAMN15618758
SRX10424894	SAMN18443793
SRX014775	SAMN00006878
SRX356784	SAMN02359583
SRX246078	SAMN01931903
SRX17045765	SAMN30285766
SRX9632622	SAMN17002170
ERX297406	SAMEA2165292
SRX10650907	SAMN18819790
SRX1322298	SAMN04158407
SRX5673013	SAMN11403286
ERX378355	SAMEA2335242
SRX12877670	SAMN22820470
SRX10004664	SAMN17761237
SRX5944536	SAMN11917882
SRX813533	SAMN03266531
SRX6890789	SAMN12822425
SRX15152335	SAMN28089696
DRX402532	SAMD00555644
ERX3613522	SAMEA6116917
ERX9147765	SAMEA14090971
SRX19035367	SAMN32739998
ERX3613524	SAMEA6116919
SRX13811039	SAMN25042762
ERX1725516	SAMEA4462126
SRX10660854	SAMN18813926
SRX11964376	SAMN21037106
SRX13438136	SAMN24041228
SRX10058324	SAMN17841251
SRX014750	SAMN00006853
SRX573014	SAMN02839448
SRX4949855	SAMN10341397
ERX3225481	SAMEA5396153
SRX2018533	SAMN05571193
SRX10406260	SAMN18408868
SRX13898238	SAMN25243265
SRX13438148	SAMN24041240
SRX1091020	SAMN03853087
SRX5167217	SAMN10616544
SRX11783303	SAMN20812988
SRX10912704	SAMN19233504
ERX195059	SAMEA2043665
SRX732497	SAMN03107070
ERX3311232	SAMEA5568574
SRX084599	SAMN00672604
SRX11783289	SAMN20813080
SRX347422	SAMN02351682
SRX11783292	SAMN20812991
SRX683862	SAMN02388179
SRX10478218	SAMN05733866
SRX110936	SAMN00765036
SRX2705419	SAMN06684320
SRX4949874	SAMN10341398
ERX3225473	SAMEA5396145
SRX11386260	SAMN20125557
SRX1528534	SAMN04397492
DRX337650	SAMD00446115
SRX129066	SAMN00811099
SRX150541	SAMN01001001
SRX150413	SAMN01000874
SRX037430	SAMN00189621
SRX4949877	SAMN10341404
SRX4949878	SAMN10341403
SRX13811040	SAMN25042763
SRX13811041	SAMN25042764
SRX1003362	SAMN03496742
ERX4521825	SAMEA7306481
SRX1036365	SAMN03704075
SRX10187768	SAMN13691205
SRX1528536	SAMN04397494
SRX1048484	SAMN03761465
SRX1294674	SAMN04121891
SRX9317479	SAMN16484541
SRX1164303	SAMN04011592
SRX13776881	SAMN24962863
SRX10029787	SAMN17795761
SRX20687273	SAMN35749788
SRX11712857	SAMN20525594
SRX1016679	SAMN03580931
SRX2381354	SAMN06068109
SRX4779613	SAMN10148208
SRX2323906	SAMN05971799
SRX3460915	SAMN08159341
SRX3586365	SAMN08377046
SRX1735650	SAMN04913620
SRX11145723	SAMN19707265
ERX2994703	SAMEA5168026
SRX095397	SAMN00715096
SRX18259599	SAMN31715304
ERX1035594	SAMEA3481920
SRX1048486	SAMN03761467
SRX10820553	SAMN19075495
SRX11783312	SAMN20813042
SRX865417	SAMN03329464
SRX1091321	SAMN03853300
ERX3225462	SAMEA5396134
SRX10001322	SAMN17734358
SRX11522903	SAMN20350184
SRX12877694	SAMN22820494
ERX3824030	SAMEA6479264
SRX17863688	SAMN31253344
SRX12877672	SAMN22820472
SRX1902743	SAMN05364401
SRX3395857	SAMN08029100
SRX2961557	SAMN07283758
SRX11712743	SAMN20573629
SRX2187093	SAMN05806608
SRX8002111	SAMN14448283
DRX227441	SAMD00235409
SRX8517981	SAMN15197979
SRX12877696	SAMN22820496
SRX10760260	SAMN18987053
SRX7556003	SAMN13854945
SRX2548279	SAMN06318298
SRX11783318	SAMN20813049
SRX10760262	SAMN18987051
SRX11783321	SAMN20813055
ERX1035596	SAMEA3481922
SRX1134151	SAMN03959857
ERX1035598	SAMEA3481924
SRX11783333	SAMN20813067
SRX12877699	SAMN22820499
SRX1085067	SAMN03846955
SRX10760258	SAMN18987055
SRX10592137	SAMN18723004
DRX171276	SAMD00173566
SRX029597	SAMN00116838
DRX335592	SAMD00442073
DRX044423	SAMD00043216
SRX113177	SAMN00768900
SRX10942311	SAMN19275176
ERX2461407	SAMEA104717427
SRX8604789	SAMN15353882
SRX10475004	SAMN18513381
SRX037118	SAMN00189410
SRX10478108	SAMN18513702
SRX069095	SAMN00622220
SRX10476770	SAMN18514286
ERX3243055	SAMEA5417257
SRX6958344	SAMN12984355
SRX12571267	SAMN22215912
SRX040399	SAMN00204050
SRX18327461	SAMN31815261
SRX5233164	SAMN10719385
SRX11783336	SAMN20813070
SRX1048492	SAMN03761473
SRX9534424	SAMN16839635
SRX088858	SAMN00691472
SRX201251	SAMN01780190
SRX682375	SAMN02996876
SRX18272274	SAMN31739615
SRX10344557	SAMN18314178
ERX1035600	SAMEA3481926
ERX1087819	SAMEA2396202
SRX11712841	SAMN20525602
SRX155522	SAMN01057073
DRX036834	SAMD00034920
SRX5604560	SAMN11288691
SRX12877673	SAMN22820473
SRX014779	SAMN00006882
ERX1276009	SAMEA3488320
SRX14491814	SAMN26749143
SRX15014796	SAMN27914994
SRX10270335	SAMN18208025
SRX4949882	SAMN10341399
SRX2733365	SAMN06701849
SRX10169932	SAMN18058259
SRX4202753	SAMN09405332
SRX10198027	SAMN18100542
SRX9998152	SAMN17730115
SRX3194436	SAMN07661069
SRX1440173	SAMN04283617
SRX10474936	SAMN18513386
SRX2990553	SAMN07333496
SRX3623416	SAMN08428787
SRX11094517	SAMN19607931
SRX11094522	SAMN19607927
SRX11094527	SAMN19607986
SRX11094532	SAMN19607981
SRX11094537	SAMN19607976
SRX11661376	SAMN20600917
SRX18540538	SAMN32114836
SRX2531982	SAMN06281649
SRX096356	SAMN00716132
SRX10475673	SAMN18513206
SRX5723720	SAMN11478283
SRX13440874	SAMN24170000
SRX1360799	SAMN04201351
SRX1002797	SAMN03496144
SRX1360803	SAMN04201355
SRX1360811	SAMN04201364
SRX3623420	SAMN08428783
SRX13130622	SAMN23131748
SRX3485293	SAMN08204724
SRX3791904	SAMN08713051
SRX10187464	SAMN18053340
SRX11094542	SAMN19607971
SRX11094547	SAMN19607901
SRX1360823	SAMN04201376
SRX3623411	SAMN08428788
SRX12419643	SAMN21924208
SRX12577294	SAMN22225253
SRX067432	SAMN00622102
ERX302078	SAMEA2171845
SRX15369736	SAMN28544829
SRX10474922	SAMN18513631
SRX11157743	SAMN19729822
SRX12419642	SAMN21924207
SRX11094552	SAMN19607921
SRX1440171	SAMN04283615
SRX11094557	SAMN19607916
SRX11094562	SAMN19607911
ERX181464	SAMEA2042409
SRX2749148	SAMN06770005
SRX1360807	SAMN04201359
SRX10187521	SAMN18053320
SRX11094567	SAMN19607906
SRX718117	SAMN03085520
SRX4394542	SAMN09665692
SRX11208656	SAMN19840794
SRX11094587	SAMN19607954
SRX12144701	SAMN21396340
SRX11094577	SAMN19607961
SRX11094582	SAMN19607963
ERX1025941	SAMEA3470274
SRX3623438	SAMN08428767
SRX8343206	SAMN14925533
SRX3623412	SAMN08428789
SRX3623442	SAMN08428763
SRX2341963	SAMN06010070
SRX2749124	SAMN06770029
SRX1206061	SAMN04040921
SRX3059309	SAMN07448010
SRX2749125	SAMN06770028
SRX1997931	SAMN05509478
SRX8616984	SAMN15368976
SRX1998058	SAMN05509519
SRX18449014	SAMN31972309
SRX18449016	SAMN31972307
SRX2582034	SAMN06372160
SRX155717	SAMN01057452
SRX155725	SAMN01057460
SRX381631	SAMN02404752
SRX8144779	SAMN14648009
SRX1286274	SAMN04110965
SRX10142202	SAMN18016387
ERX334518	SAMEA2234907
ERX2242373	SAMEA3638997
SRX10399316	SAMN18393690
SRX10142198	SAMN18016392
SRX8144784	SAMN14648049
SRX4017879	SAMN09006856
SRX8144799	SAMN14648035
SRX155760	SAMN01057495
SRX128100	SAMN00809355
SRX10001290	SAMN17734276
SRX3285536	SAMN07786166
SRX3285522	SAMN07786180
SRX10205587	SAMN18105876
ERX1790111	SAMEA4534848
SRX8083086	SAMN14560233
SRX4659200	SAMN09991682
SRX1391722	SAMN04219558
SRX3285566	SAMN07786205
SRX4547372	SAMN09810281
SRX100258	SAMN00738200
SRX4404427	SAMN09689463
SRX4404425	SAMN09689465
SRX2020848	SAMN05572260
SRX8520793	SAMN15198547
SRX1131549	SAMN03952685
SRX042343	SAMN00210997
SRX17698134	SAMN31008260
SRX2194256	SAMN05832074
SRX1998148	SAMN05509639
ERX4231865	SAMEA6999475
SRX1280452	SAMN04103866
SRX1280453	SAMN04103867
SRX265432	SAMN02045869
SRX4096848	SAMN09221744
SRX2020842	SAMN05572266
SRX818559	SAMN03269213
SRX818563	SAMN03269220
SRX818567	SAMN03269222
SRX818555	SAMN03269209
SRX038562	SAMN00191100
SRX037110	SAMN00189402
SRX10775079	SAMN19014165
SRX20022378	SAMN34265171
SRX1065299	SAMN03782261
DRX181719	SAMD00185647
SRX11411286	SAMN20170231
ERX311379	SAMEA2177955
SRX10335219	SAMN18290287
ERX210205	SAMEA1713771
SRX7023028	SAMN13058992
SRX8080375	SAMN14556303
SRX14047764	SAMN25656902
SRX019931	SAMN00012298
SRX10772658	SAMN19014418
ERX016232	SAMEA1032058
SRX2935864	SAMN07258410
SRX11005597	SAMN19367878
SRX6957866	SAMN12982848
SRX11360014	SAMN20079456
SRX2000339	SAMN05511700
DRX013205	SAMD00013157
SRX042342	SAMN00210996
SRX3554400	SAMN08354853
SRX2020838	SAMN05572270
SRX647704	SAMN02904725
ERX309839	SAMEA2177590
SRX1998003	SAMN05509543
SRX10666379	SAMN18849500
DRX277866	SAMD00316432
ERX3400789	SAMEA5716639
SRX1426076	SAMN04254388
SRX8537730	SAMN15223378
SRX1136706	SAMN03979955
SRX1136710	SAMN03979964
SRX128102	SAMN00809357
SRX8616983	SAMN15368977
SRX1131555	SAMN03952691
SRX10654367	SAMN18823534
SRX1035331	SAMN03703687
SRX265422	SAMN02045859
SRX2194286	SAMN05832044
ERX1055967	SAMEA3501445
ERX008580	SAMEA740807
SRX3285572	SAMN07786161
SRX1998022	SAMN05509709
SRX5757567	SAMN11514700
ERX008568	SAMEA740754
SRX1117696	SAMN03922722
SRX13830809	SAMN25119917
SRX4734146	SAMN10118764
SRX069098	SAMN00622223
SRX10475049	SAMN18514224
ERX1604054	SAMEA4079230
SRX10661237	SAMN10987097
SRX5706753	SAMN11053078
SRX11515977	SAMN20343351
SRX285598	SAMN02152540
SRX8740181	SAMN15545072
SRX4037350	SAMN03078508
SRX7079160	SAMN13168656
SRX12287176	SAMN21523874
SRX271441	SAMN02055560
SRX10474968	SAMN18513324
SRX503335	SAMN02711799
ERX4030416	SAMEA6786242
SRX11023643	SAMN19431973
SRX10157976	SAMN18040563
SRX14130727	SAMN25846518
SRX7814869	SAMN14237561
SRX2671787	SAMN06642879
SRX2675792	SAMN06645350
SRX13273913	SAMN23551603
DRX021452	SAMD00020294
SRX3411537	SAMN08046695
SRX10475533	SAMN18513009
DRX014588	SAMD00008993
SRX3994927	SAMN08982083
SRX9684576	SAMN17078881
SRX16829021	SAMN30128314
DRX014674	SAMD00009009
SRX8564038	SAMN15295662
SRX10475206	SAMN18513051
SRX2884518	SAMN07195265
SRX026917	SAMN00113445
SRX11242576	SAMN19915280
DRX014562	SAMD00008991
DRX114638	SAMD00020293
SRX069102	SAMN00622227
SRX201260	SAMN01780199
SRX201278	SAMN01780217
SRX1235301	SAMN04075626
SRX069133	SAMN00622258
SRX069087	SAMN00622212
SRX069097	SAMN00622222
SRX099628	SAMN00736136
SRX10476666	SAMN18514167
SRX10187473	SAMN18053351
ERX2676945	SAMEA4753709
DRX014657	SAMD00009001
DRX014578	SAMD00008994
SRX069148	SAMN00622273
DRX014608	SAMD00008997
SRX9724132	SAMN17147397
SRX2343922	SAMN06013828
ERX4030418	SAMEA6786244
SRX9791182	SAMN17225412
SRX10475755	SAMN05897106
SRX12905226	SAMN22841664
SRX10476498	SAMN18513004
SRX244127	SAMN01924255
SRX5353607	SAMN10905015
SRX10341645	SAMN18311247
SRX5706715	SAMN11053097
SRX10478448	SAMN18513977
DRX114662	SAMD00107113
SRX14659713	SAMN26853192
DRX048535	SAMD00045828
DRX114707	SAMD00107125
SRX16829024	SAMN30128311
SRX10187494	SAMN12641506
DRX014711	SAMD00009005
SRX8291415	SAMN14854029
SRX4306019	SAMN09489789
SRX1548204	SAMN04442408
SRX1444520	SAMN04285750
SRX6800737	SAMN12691863
SRX6704551	SAMN12563023
ERX2560120	SAMEA4625051
SRX212301	SAMN01840355
SRX1367371	SAMN04198568
SRX026263	SAMN00109934
SRX2734067	SAMN06712132
SRX6060996	SAMN12046860
SRX9613112	SAMN16969390
SRX10001302	SAMN17734312
SRX077858	SAMN00627829
SRX5055009	SAMN10442472
SRX5913660	SAMN11877743
SRX1272807	SAMN04100878
SRX1801654	SAMN05179548
SRX040391	SAMN00204031
ERX2690378	SAMEA4766519
SRX10375571	SAMN18350764
SRX10442192	SAMN18489535
SRX11758129	SAMN20793195
SRX3734328	SAMN08581066
SRX1568592	SAMN04481911
SRX886369	SAMN03366668
SRX10920334	SAMN19241712
SRX10037233	SAMN17812063
SRX14438534	SAMN26582614
SRX16120019	SAMN29635210
SRX10187529	SAMN13691206
SRX332736	SAMN02313886
SRX11070610	SAMN19572960
SRX445241	SAMN02439311
DRX239216	SAMD00251177
SRX10037234	SAMN17812062
SRX3868791	SAMN08824584
SRX1286294	SAMN04110985
ERX3721045	SAMEA6373152
SRX878129	SAMN03159557
SRX1431699	SAMN04267210
DRX326299	SAMD00436949
SRX124687	SAMN00794435
SRX6802691	SAMN12696021
SRX610766	SAMN02866362
SRX5880862	SAMN11811698
DRX013175	SAMD00013181
SRX4161612	SAMN09345338
SRX8473459	SAMN15104929
SRX1064322	SAMN03781498
SRX12378627	SAMN21860513
ERX5359069	SAMEA8492263
ERX3596780	SAMEA6087988
SRX9292689	SAMN16243167
SRX20623991	SAMN35661487
ERX4997035	SAMEA7872037
SRX20623992	SAMN35661486
SRX10407083	SAMN18418923
SRX8181982	SAMN14738799
SRX2683514	SAMN06651239
SRX134731	SAMN00847535
SRX10475783	SAMN18514236
SRX5846246	SAMN10992117
SRX10187508	SAMN13691268
SRX10187479	SAMN13161459
SRX2370590	SAMN06044554
SRX6060979	SAMN12046892
SRX1474514	SAMN04330311
SRX474007	SAMN02646654
SRX8109065	SAMN14574373
SRX2683522	SAMN06651229
SRX7974648	SAMN14430450
SRX1054536	SAMN03766263
SRX474006	SAMN02646652
SRX474005	SAMN02646653
SRX136946	SAMN00849927
SRX12287185	SAMN21523883
SRX10187562	SAMN13691269
SRX2628141	SAMN06554867
SRX9613121	SAMN16969426
SRX6060998	SAMN12046925
SRX2628135	SAMN06554873
SRX2628127	SAMN06554880
SRX2628137	SAMN06554869
SRX023215	SAMN00016958
SRX2628133	SAMN06554874
SRX2628125	SAMN06554882
SRX10606575	SAMN18747549
SRX11453847	SAMN20240308
SRX2254522	SAMN05930247
SRX8939702	SAMN15808889
SRX10001303	SAMN17734311
SRX10475273	SAMN18513632
SRX863778	SAMN03325308
DRX021118	SAMD00020001
SRX10001305	SAMN17734309
SRX13439155	SAMN24060710
SRX13439156	SAMN24060711
SRX13439157	SAMN24060712
SRX13439158	SAMN24060713
SRX14557636	SAMN26856219
SRX069125	SAMN00622250
SRX8473458	SAMN15104930
SRX1474439	SAMN04330376
SRX10828251	SAMN19092609
SRX2518694	SAMN06273484
SRX9613087	SAMN16969374
SRX2518692	SAMN06273478
SRX4905627	SAMN10258626
SRX12578555	SAMN22227002
SRX10001306	SAMN17734308
SRX8037078	SAMN14506548
SRX371983	SAMN02389602
SRX1892842	SAMN05346313
SRX12287224	SAMN21523913
SRX1474460	SAMN04330328
SRX4161608	SAMN09345344
SRX4488123	SAMN09742295
SRX2683518	SAMN06651235
SRX3160961	SAMN07605025
SRX1064321	SAMN03781494
SRX8564072	SAMN15295664
SRX040401	SAMN00204034
SRX4036947	SAMN09060236
SRX1064319	SAMN03781759
SRX6060981	SAMN12046887
SRX1458083	SAMN04305507
DRX273451	SAMD00290017
SRX7555963	SAMN13854824
SRX10035147	SAMN17804409
SRX14774402	SAMN27401697
SRX5866150	SAMN11784672
SRX5866152	SAMN11784669
SRX10244352	SAMN18153613
SRX7435326	SAMN13673809
SRX1530373	SAMN04413766
SRX10157962	SAMN18040222
SRX4905650	SAMN10258636
ERX306454	SAMEA2189703
SRX14155970	SAMN25884757
SRX096343	SAMN00716119
ERX2557237	SAMEA4618214
SRX1959580	SAMN05415097
SRX1458085	SAMN04305509
SRX243626	SAMN01923809
SRX10880532	SAMN19190607
SRX1474449	SAMN04330386
SRX2823537	SAMN07124060
DRX273449	SAMD00290015
SRX9613129	SAMN16969449
SRX9613139	SAMN16969258
SRX1474428	SAMN04330365
SRX8037074	SAMN14506552
ERX5361911	SAMEA8497638
SRX18988640	SAMN32658654
SRX13373948	SAMN23845327
SRX2823538	SAMN07124059
SRX4036951	SAMN09060232
SRX6060985	SAMN12046841
SRX6060987	SAMN12046881
SRX11666804	SAMN20600168
ERX3648293	SAMEA6168434
ERX1264354	SAMEA3708905
SRX7101367	SAMN13207286
SRX2543990	SAMN06309482
SRX9689613	SAMN17089121
SRX1474446	SAMN04330383
SRX101303	SAMN00739329
SRX9613118	SAMN16969432
SRX4964894	SAMN10358793
SRX11825885	SAMN20862156
SRX6060994	SAMN12046863
SRX2823509	SAMN07124092
SRX2823539	SAMN07124058
SRX10973832	SAMN19319717
SRX1474431	SAMN04330368
SRX9613125	SAMN16969418
SRX243628	SAMN01923811
SRX2823511	SAMN07124090
SRX2823508	SAMN07124093
SRX4797272	SAMN10176506
SRX2823542	SAMN07124055
SRX2823514	SAMN07124087
SRX2823543	SAMN07124054
SRX1458091	SAMN04305515
SRX2823545	SAMN07124052
SRX1458093	SAMN04305517
SRX2823513	SAMN07124088
SRX2823507	SAMN07124094
SRX6802697	SAMN12696015
ERX4997040	SAMEA7872042
SRX1892846	SAMN05346317
SRX6802683	SAMN12695977
ERX3579644	SAMEA6059152
SRX1122918	SAMN03941720
SRX10001308	SAMN17734306
ERX3252098	SAMEA5425107
SRX6802687	SAMN12696025
SRX1892847	SAMN05346319
SRX2254531	SAMN05930238
SRX9535592	SAMN16829902
SRX14840949	SAMN27555191
SRX2254532	SAMN05930237
SRX1530371	SAMN04413764
SRX17214553	SAMN30498497
SRX277133	SAMN02142033
SRX2823505	SAMN07124096
SRX3991260	SAMN08976713
SRX4905644	SAMN10258642
SRX4797274	SAMN10176502
SRX1474456	SAMN04330324
SRX1474521	SAMN04330318
SRX1474517	SAMN04330314
SRX1474452	SAMN04330389
SRX2547928	SAMN06317908
SRX11049546	SAMN19514135
SRX3680555	SAMN08518041
SRX3680556	SAMN08518063
SRX11049549	SAMN19514131
DRX036833	SAMD00034919
SRX11049555	SAMN19514139
SRX3664288	SAMN08482420
SRX10895103	SAMN19195201
SRX10475260	SAMN18513479
SRX13005468	SAMN22786038
SRX2370687	SAMN06044529
SRX10412077	SAMN18423242
SRX11049552	SAMN19514128
ERX3183197	SAMEA5335940
SRX1638917	SAMN04558716
SRX4112828	SAMN09237962
SRX12964931	SAMN22867326
SRX11049558	SAMN19514143
SRX2547950	SAMN06317864
SRX15408737	SAMN28590829
SRX767115	SAMN03218146
SRX10194691	SAMN18093969
SRX8468782	SAMN15098858
DRX230605	SAMD00239440
SRX1000224	SAMN03492271
SRX11014500	SAMN19402000
SRX069155	SAMN00622280
SRX200040	SAMN01774253
SRX069144	SAMN00622269
SRX069191	SAMN00622316
SRX5679921	SAMN11414776
SRX017557	SAMN00009767
SRX3962726	SAMN08949790
SRX1184127	SAMN04032793
SRX1184133	SAMN04032799
SRX1542136	SAMN04435631
SRX3630750	SAMN08438845
SRX7972422	SAMN14428002
SRX2851557	SAMN07163218
SRX2606560	SAMN06470148
SRX1451223	SAMN04292903
SRX1451224	SAMN04292904
SRX1721489	SAMN04886709
SRX8288533	SAMN14850124
SRX2207915	SAMN05859555
SRX016997	SAMN00009045
SRX5708813	SAMN11458643
SRX026098	SAMN00109812
SRX1603678	SAMN04519519
SRX2779394	SAMN06883685
SRX8694162	SAMN15484988
SRX2463363	SAMN06203227
SRX1916919	SAMN05368379
SRX10187460	SAMN18053307
SRX100954	SAMN00739215
SRX189393	SAMN01730084
SRX189391	SAMN01730082
SRX14126876	SAMN25828887
SRX10229517	SAMN18128458
SRX483590	SAMN02678387
SRX13880059	SAMN25221643
SRX8722899	SAMN15520507
SRX13880037	SAMN25221634
SRX13880034	SAMN25221637
SRX13880056	SAMN25221646
SRX201287	SAMN01780226
SRX201285	SAMN01780224
SRX13880050	SAMN25221652
SRX13880044	SAMN25221658
SRX13880042	SAMN25221660
SRX13880030	SAMN25221665
SRX13880047	SAMN25221655
SRX13880040	SAMN25221662
SRX483584	SAMN02678380
SRX5704559	SAMN11456518
SRX10299740	SAMN18236173
SRX248434	SAMN01974732
SRX7368251	SAMN13559453
DRX444237	SAMD00596646
SRX069117	SAMN00622242
SRX10476771	SAMN18513508
SRX190022	SAMN01731501
SRX007035	SAMN00008868
SRX4091684	SAMN09216359
SRX13625880	SAMN12583134
SRX15408731	SAMN28590835
SRX5246759	SAMN10740187
SRX816541	SAMN03268518
SRX018991	SAMN00011103
SRX2368888	SAMN06049713
SRX3103106	SAMN07519258
SRX3322116	SAMN07791012
SRX10001372	SAMN17734368
SRX12669717	SAMN22370868
SRX9607924	SAMN16963676
SRX15124039	SAMN28055580
SRX8736949	SAMN15543380
SRX8736937	SAMN15543369
SRX8736940	SAMN15543366
SRX8736955	SAMN15543376
SRX8736952	SAMN15543377
SRX8333227	SAMN14906826
SRX8736943	SAMN15543361
SRX8736958	SAMN15543385
SRX10001323	SAMN17734357
SRX7972424	SAMN14428000
SRX7972425	SAMN14427999
SRX131372	SAMN00839430
SRX10001327	SAMN17734353
ERX4267201	SAMEA7039453
SRX1136724	SAMN03979904
SRX11033322	SAMN19471261
SRX105597	SAMN00754062
SRX15408741	SAMN28590825
SRX1058472	SAMN03775169
SRX7972421	SAMN14428003
SRX4091685	SAMN09216358
SRX4091686	SAMN09216357
SRX7401781	SAMN13616483
SRX037113	SAMN00189405
SRX190033	SAMN01731512
SRX031228	SAMN00120386
SRX8772692	SAMN15582198
SRX5708811	SAMN11458653
SRX8036448	SAMN14501398
SRX9461425	SAMN16709037
SRX193607	SAMN01761115
SRX12136121	SAMN21387022
SRX1003359	SAMN03496736
ERX2832692	SAMEA4957627
SRX1007720	SAMN03566732
SRX10001328	SAMN17734352
SRX2537504	SAMN06294962
SRX10001324	SAMN17734356
SRX1451227	SAMN04292907
SRX15408733	SAMN28590833
SRX10001330	SAMN17734350
SRX10475002	SAMN18512790
SRX11946827	SAMN11774088
SRX10001331	SAMN17734349
SRX10001332	SAMN17734348
SRX15408735	SAMN28590831
SRX7972426	SAMN14427998
SRX14930971	SAMN27670520
SRX7972423	SAMN14428001
SRX15408739	SAMN28590827
SRX130096	SAMN00828927
SRX130094	SAMN00828925
SRX130093	SAMN00828924
SRX8951979	SAMN15825304
SRX2733835	SAMN06711444
SRX10726614	SAMN18954783
SRX15157310	SAMN28094587
SRX10510557	SAMN18614362
SRX1030269	SAMN03700014
SRX4404381	SAMN09689517
SRX1806490	SAMN05185360
SRX4132349	SAMN09272144
SRX10653578	SAMN18823038
SRX1503372	SAMN04372585
SRX11545287	SAMN20371285
SRX8156944	SAMN14671069
SRX14367149	SAMN26435030
SRX8949139	SAMN15822748
SRX1420086	SAMN04243994
SRX8949133	SAMN15822754
SRX13049325	SAMN22982487
SRX2547949	SAMN06317865
SRX1021594	SAMN03612093
SRX3606947	SAMN08427982
SRX8949150	SAMN15822758
SRX3033231	SAMN07412122
SRX10001333	SAMN17734347
SRX1002695	SAMN03496031
SRX8949132	SAMN15822755
SRX1678214	SAMN04605771
SRX6957417	SAMN12956564
SRX1678210	SAMN04605767
SRX8949131	SAMN15822735
SRX10968350	SAMN19313618
SRX10968353	SAMN19313615
SRX11368499	SAMN20089384
SRX7556014	SAMN13854934
SRX8949146	SAMN15822762
DRX036828	SAMD00034925
SRX14367154	SAMN26435037
SRX13217141	SAMN23424230
SRX13052783	SAMN22984291
SRX3703163	SAMN08550199
SRX4987706	SAMN10389158
SRX10475104	SAMN18512659
SRX1099624	SAMN03863716
DRX231243	SAMD00241732
SRX10001336	SAMN17734344
SRX10001337	SAMN17734343
SRX10001338	SAMN17734342
SRX1678212	SAMN04605769
SRX8156953	SAMN14671061
SRX8156956	SAMN14671058
SRX1099625	SAMN03863717
SRX8156950	SAMN14671063
SRX1021581	SAMN03612080
SRX3241379	SAMN07735161
SRX8949137	SAMN15822750
SRX4473678	SAMN09724731
SRX6965689	SAMN12994958
SRX1286324	SAMN04110926
SRX3703150	SAMN08550062
SRX10001339	SAMN17734341
DRX036830	SAMD00034927
SRX7716744	SAMN14091478
SRX7716741	SAMN14091481
SRX2416284	SAMN06132345
SRX5342359	SAMN10881068
SRX10613519	SAMN18752181
SRX2043823	SAMN05616408
SRX10968356	SAMN19313612
DRX021704	SAMD00020940
SRX3044158	SAMN07419835
SRX4978346	SAMN10378876
SRX8949143	SAMN15822772
DRX013185	SAMD00013169
ERX3266631	SAMEA5529067
SRX12007831	SAMN21215098
ERX3266636	SAMEA5529072
SRX10001390	SAMN17734384
SRX2538083	SAMN06297520
SRX2370626	SAMN06044745
ERX3266641	SAMEA5529077
SRX18828515	SAMN32374695
SRX13085219	SAMN23009708
SRX13085211	SAMN23009700
SRX9213104	SAMN16289339
SRX015225	SAMN00007323
SRX9616668	SAMN16974990
SRX10665510	SAMN18848510
SRX2370767	SAMN06044805
SRX7439970	SAMN13679208
SRX1094507	SAMN03857553
SRX6957392	SAMN12956630
SRX10660977	SAMN18814428
SRX332947	SAMN02314024
SRX069142	SAMN00622267
SRX069120	SAMN00622245
SRX069092	SAMN00622217
SRX10184543	SAMN18083325
SRX17866736	SAMN31258069
ERX096872	SAMEA1570924
SRX055158	SAMN00254269
SRX4231396	SAMN09444104
SRX4278332	SAMN09425690
SRX4231394	SAMN09444110
SRX4231398	SAMN09444088
SRX9401510	SAMN16595949
SRX14071898	SAMN25703825
SRX10068561	SAMN17860527
SRX055165	SAMN00254276
SRX4278334	SAMN09425692
SRX761071	SAMN03198259
SRX12582452	SAMN22233236
SRX1037579	SAMN03733400
SRX10474963	SAMN18512990
SRX248481	SAMN01974779
SRX13085222	SAMN23009711
ERX1796156	SAMEA4544992
SRX12024485	SAMN21243797
SRX13052786	SAMN22984294
SRX10660659	SAMN18814150
SRX10476618	SAMN18513242
SRX2370578	SAMN06044707
SRX5706666	SAMN11053099
SRX1458749	SAMN04308768
SRX2993407	SAMN07338962
SRX15465653	SAMN28669273
SRX1744213	SAMN04957185
SRX11582697	SAMN20456152
SRX069132	SAMN00622257
SRX13994927	SAMN25516206
SRX7556026	SAMN13854921
SRX7866141	SAMN14322350
SRX7556027	SAMN13854920
SRX7555968	SAMN13854982
SRX3927314	SAMN08918704
SRX2341965	SAMN06010045
SRX3044724	SAMN07420630
SRX2940748	SAMN07260243
ERX3266646	SAMEA5529082
SRX7299244	SAMN13521326
SRX2420049	SAMN06140087
SRX2858133	SAMN07168866
SRX5185057	SAMN10656411
SRX4776945	SAMN10144215
SRX11145228	SAMN19698798
SRX10613566	SAMN18752384
DRX431471	SAMD00582833
SRX11424553	SAMN20189122
SRX7398088	SAMN13615926
SRX1002825	SAMN03496130
SRX11512873	SAMN20339709
ERX607020	SAMEA2810230
ERX008728	SAMEA1022701
ERX004450	SAMEA717101
ERX206140	SAMEA1877853
SRX2823516	SAMN07124139
SRX10230763	SAMN18128942
SRX1011293	SAMN03569103
SRX10437636	SAMN18474863
DRX076218	SAMD00069718
SRX7715678	SAMN14090674
SRX10230775	SAMN18128904
SRX1054540	SAMN03766267
DRX431463	SAMD00582825
ERX016349	SAMEA787473
ERX629394	SAMEA3121279
SRX856829	SAMN03298505
SRX3832993	SAMN08773751
SRX5651529	SAMN11357744
SRX1723237	SAMN04889841
SRX9288012	SAMN16432020
SRX1069708	SAMN03784746
SRX16111528	SAMN29625308
SRX12521999	SAMN22135778
SRX18644855	SAMN32165267
SRX18952635	SAMN32612872
SRX1123863	SAMN03943838
SRX11145224	SAMN19698792
SRX10049146	SAMN17834446
SRX10056749	SAMN17840231
SRX1116394	SAMN03897233
SRX11145225	SAMN19698793
SRX11145226	SAMN19698794
SRX10636487	SAMN18797334
SRX11145234	SAMN19698809
DRX313732	SAMD00410973
SRX2823523	SAMN07124131
SRX2823524	SAMN07124072
SRX2823527	SAMN07124070
SRX2823528	SAMN07124069
SRX6416954	SAMN12232689
SRX2661246	SAMN06603746
SRX8375612	SAMN14988069
SRX2652415	SAMN06616192
SRX8582071	SAMN15325282
DRX015216	SAMD00011782
DRX015225	SAMD00011692
DRX015234	SAMD00011788
SRX069107	SAMN00622232
SRX215594	SAMN01883265
SRX1926787	SAMN05374467
SRX8574720	SAMN15315561
SRX13171714	SAMN23297127
SRX9724124	SAMN17147408
SRX17321269	SAMN30593854
SRX9616652	SAMN16974676
SRX8342849	SAMN14916453
SRX180893	SAMN01129905
SRX17237022	SAMN30439291
ERX2868711	SAMEA5050324
SRX11412423	SAMN20172877
SRX10131658	SAMN17987746
SRX9969287	SAMN17615472
SRX5552344	SAMN11191537
SRX1074810	SAMN03798556
SRX12877099	SAMN22818343
SRX7767456	SAMN14150205
SRX8377224	SAMN14992784
SRX12779916	SAMN22575021
SRX8377225	SAMN14992721
ERX3559622	SAMEA5975616
SRX4142975	SAMN09284077
SRX8377226	SAMN14992720
SRX11245134	SAMN19923261
SRX4142979	SAMN09284072
SRX1528526	SAMN04397484
SRX10001310	SAMN17734304
SRX026919	SAMN00113448
SRX734236	SAMN03112913
SRX757325	SAMN03174939
SRX11904439	SAMN20969772
SRX4120231	SAMN09253945
SRX6852782	SAMN12757125
SRX2609659	SAMN06469668
SRX14788273	SAMN27479811
SRX174814	SAMN01109521
SRX6852795	SAMN12757112
SRX6852790	SAMN12757117
SRX6852784	SAMN12757123
SRX13660492	SAMN24726662
SRX13660486	SAMN24726674
SRX277136	SAMN02142036
SRX10468624	SAMN18527286
SRX12120844	SAMN21367414
SRX2614878	SAMN06481978
SRX10001311	SAMN17734303
SRX10001312	SAMN17734302
SRX069096	SAMN00622221
SRX15683096	SAMN29005244
DRX015342	SAMD00011840
DRX048490	SAMD00045834
SRX6852783	SAMN12757124
SRX6852785	SAMN12757122
DRX015351	SAMD00011716
ERX2696548	SAMEA4776354
SRX2858198	SAMN07168888
SRX12694135	SAMN22416265
SRX10187467	SAMN18053337
SRX12008012	SAMN21215320
SRX1143596	SAMN03983729
ERX2260037	SAMEA4527695
SRX2731713	SAMN06704635
SRX12149277	SAMN21382192
ERX5429789	SAMEA8567078
SRX19789632	SAMN33943030
SRX6800747	SAMN12691854
SRX1069724	SAMN03784734
SRX20519312	SAMN35369687
SRX10430356	SAMN18449030
SRX1004561	SAMN03497893
SRX12779922	SAMN22575027
SRX8377171	SAMN14992781
SRX8377227	SAMN14992719
SRX1044120	SAMN03744351
DRX015243	SAMD00011767
SRX10159874	SAMN18042141
SRX248479	SAMN01974777
DRX015252	SAMD00011691
SRX4142991	SAMN09284058
SRX10001364	SAMN17734280
SRX20982934	SAMN36407483
SRX381719	SAMN02404758
DRX015261	SAMD00011778
DRX015270	SAMD00011816
SRX381722	SAMN02404759
SRX8377229	SAMN14992717
DRX015279	SAMD00011835
DRX015288	SAMD00011827
SRX11904443	SAMN20969776
SRX8377231	SAMN14992715
SRX7685715	SAMN14049745
SRX11399797	SAMN20152548
DRX015297	SAMD00011773
SRX12694146	SAMN22416254
SRX10159898	SAMN18042162
SRX8377232	SAMN14992820
SRX17024216	SAMN30242778
SRX8377233	SAMN14992819
SRX11813191	SAMN20851007
SRX2858199	SAMN07168887
SRX1044121	SAMN03744352
SRX12779926	SAMN22575031
DRX284474	SAMD00324172
DRX015306	SAMD00011751
SRX129075	SAMN00811108
DRX015315	SAMD00011753
SRX10001307	SAMN17734307
SRX10001360	SAMN17734284
DRX015324	SAMD00011710
SRX6852794	SAMN12757113
SRX11335508	SAMN20014057
DRX015333	SAMD00011878
SRX10001362	SAMN17734282
SRX10159904	SAMN18042185
SRX8377179	SAMN14992726
SRX11023647	SAMN19431968
SRX13439315	SAMN24060919
SRX10001316	SAMN17734297
SRX14203254	SAMN25996042
SRX4143003	SAMN09284033
SRX10035154	SAMN17804402
SRX10001317	SAMN17734296
SRX1044123	SAMN03744354
SRX12779941	SAMN22575046
SRX10231450	SAMN18133003
SRX3394541	SAMN08027870
SRX1044124	SAMN03744355
SRX155757	SAMN01057492
SRX1044122	SAMN03744353
SRX2010835	SAMN05553127
SRX038664	SAMN00191195
SRX12694139	SAMN22416269
SRX2614874	SAMN06481982
DRX015360	SAMD00011809
DRX015378	SAMD00011768
DRX015387	SAMD00011821
SRX761058	SAMN03198247
SRX2145570	SAMN05736476
SRX7873671	SAMN14331685
DRX015396	SAMD00011873
DRX015405	SAMD00011802
DRX015414	SAMD00011733
DRX015423	SAMD00011725
DRX015432	SAMD00011765
DRX019512	SAMD00018550
SRX8377238	SAMN14992814
SRX12007953	SAMN21215369
SRX13373953	SAMN23845332
SRX8375616	SAMN14988058
SRX6852791	SAMN12757116
DRX205074	SAMD00209978
SRX3873708	SAMN08833128
SRX2566759	SAMN06341096
SRX1520577	SAMN04386858
SRX1420085	SAMN04243993
SRX12195263	SAMN21442489
SRX3998623	SAMN08986176
SRX1769685	SAMN05004643
DRX015441	SAMD00011736
SRX069119	SAMN00622244
SRX11465140	SAMN20247334
SRX055169	SAMN00254288
SRX10187504	SAMN13691201
SRX12287205	SAMN21523894
SRX2341964	SAMN06010055
SRX038582	SAMN00191120
SRX6824668	SAMN12721477
SRX10665517	SAMN18848503
SRX185708	SAMN01163706
SRX1596296	SAMN04506182
ERX161932	SAMEA1570918
SRX10976875	SAMN04284498
SRX107284	SAMN00760375
SRX2388757	SAMN06094254
SRX2254716	SAMN05930281
SRX1878877	SAMN05293561
SRX1878879	SAMN05293563
SRX1878881	SAMN05293565
SRX1878883	SAMN05293567
SRX10475287	SAMN18513953
SRX5316603	SAMN10853120
DRX334697	SAMD00442176
SRX1962093	SAMN05420682
SRX12007553	SAMN21214659
SRX4197950	SAMN09400512
SRX4313204	SAMN09501761
SRX10809802	SAMN19055858
SRX15419302	SAMN28600312
SRX018653	SAMN00010771
SRX1878908	SAMN05293595
SRX17846495	SAMN31236996
SRX1878913	SAMN05293600
SRX7563559	SAMN13864255
SRX1878915	SAMN05293602
SRX1878917	SAMN05293604
SRX1878919	SAMN05293606
SRX1878921	SAMN05293608
SRX1878923	SAMN05293580
SRX6796354	SAMN12684993
SRX11470518	SAMN20248338
SRX1878925	SAMN05293578
SRX10187461	SAMN18053342
DRX049726	SAMD00018696
SRX6783920	SAMN12641571
SRX15589312	SAMN28857425
SRX037111	SAMN00189403
SRX10660627	SAMN18836520
SRX11465146	SAMN20247328
SRX3927302	SAMN08918719
SRX3468032	SAMN08172277
SRX7623420	SAMN13909449
SRX6433366	SAMN12256981
SRX736201	SAMN03120690
SRX2370807	SAMN04284494
SRX15003793	SAMN27783221
SRX019404	SAMN00011766
SRX263261	SAMN02356086
SRX17174288	SAMN30445095
SRX17174319	SAMN30445178
SRX4370433	SAMN09633688
SRX19323265	SAMN33227576
SRX17174303	SAMN30445162
SRX10231438	SAMN18132929
SRX10475143	SAMN18513569
SRX17174300	SAMN30445151
SRX17174299	SAMN30445106
SRX069101	SAMN00622226
SRX263290	SAMN02356131
SRX2370718	SAMN04284357
ERX161917	SAMEA2158858
SRX10162625	SAMN18045675
SRX5783220	SAMN11566989
SRX12299236	SAMN21555194
SRX6365882	SAMN12135143
SRX1123853	SAMN03943812
SRX2144098	SAMN05736250
SRX15799043	SAMN29208707
SRX12299238	SAMN21555196
SRX17935002	SAMN31349714
SRX17423024	SAMN30671070
SRX17423027	SAMN30671067
SRX17423028	SAMN30671066
SRX17423029	SAMN30671065
SRX17423030	SAMN30671064
SRX17423031	SAMN30671063
SRX17423032	SAMN30671062
SRX17423033	SAMN30671061
SRX17423034	SAMN30671060
SRX17423035	SAMN30671059
SRX17423036	SAMN30671058
SRX17423037	SAMN30671057
SRX17423038	SAMN30671056
SRX10474869	SAMN18513069
SRX4668967	SAMN10031661
SRX10475888	SAMN18513377
SRX10475648	SAMN18513892
SRX306253	SAMN02204164
SRX1806738	SAMN05185920
SRX16002888	SAMN14933972
SRX11141594	SAMN19697518
SRX189408	SAMN01730099
SRX11094507	SAMN19607942
SRX5535441	SAMN11159906
SRX5535442	SAMN11159905
SRX11094512	SAMN19607935
SRX4679526	SAMN10058634
SRX1528522	SAMN04397480
ERX2413471	SAMEA104665816
SRX2911520	SAMN07222620
SRX2911522	SAMN07222618
ERX2413473	SAMEA104665818
SRX2911528	SAMN07222615
SRX2911530	SAMN07222617
SRX6935342	SAMN12886821
SRX6935344	SAMN12886819
SRX6935346	SAMN12886817
SRX2370709	SAMN06044496
SRX2741893	SAMN06759790
SRX2436021	SAMN06165793
SRX189407	SAMN01730098
SRX12403373	SAMN21899221
SRX4910587	SAMN10266291
SRX099882	SAMN00737721
SRX2370639	SAMN04284287
SRX16310614	SAMN29785724
SRX19938125	SAMN34152762
SRX11053952	SAMN19549494
SRX10809333	SAMN19051513
SRX2510393	SAMN06249255
SRX17812782	SAMN31182585
SRX13523512	SAMN24466602
SRX14113075	SAMN25810144
SRX3088162	SAMN07498722
SRX1433093	SAMN04270699
SRX10475000	SAMN18514243
SRX12129571	SAMN21384111
SRX026914	SAMN00113444
SRX12104002	SAMN21357491
SRX10976091	SAMN06464496
SRX10478360	SAMN04284242
SRX2636171	SAMN06464408
SRX100985	SAMN00739216
SRX2708620	SAMN06687688
SRX10976100	SAMN19193165
SRX1806742	SAMN05185924
SRX1631738	SAMN04557042
SRX263255	SAMN02356074
ERX2552520	SAMEA4608316
SRX5562452	SAMN11239235
SRX17219915	SAMN30509703
SRX13523506	SAMN24466608
SRX10944092	SAMN19275869
SRX109479	SAMN00760912
SRX9515765	SAMN16811119
SRX5055011	SAMN10442471
SRX5913662	SAMN11877742
SRX12129566	SAMN21384106
SRX13113009	SAMN23072403
SRX263270	SAMN02356085
SRX2803429	SAMN06947365
SRX2803432	SAMN06947369
ERX2413476	SAMEA104665821
SRX6743398	SAMN12607191
SRX6890816	SAMN12822441
SRX6078378	SAMN12078864
SRX103001	SAMN00744171
ERX1930087	SAMEA103891181
SRX8158046	SAMN14671407
SRX11248403	SAMN19945086
SRX2768514	SAMN06844245
SRX16016293	SAMN29494170
SRX10940542	SAMN19274641
SRX12299240	SAMN21555198
SRX2426272	SAMN06145855
SRX2039712	SAMN05607279
SRX2370761	SAMN06044513
SRX10944094	SAMN19275875
SRX1098697	SAMN03863194
SRX534204	SAMN02750840
SRX11715557	SAMN20704250
SRX16357134	SAMN29837270
SRX2242948	SAMN04229259
SRX10474962	SAMN18513049
SRX998298	SAMN03487948
SRX2370770	SAMN04284361
SRX17174372	SAMN30445131
SRX069131	SAMN00622256
SRX069128	SAMN00622253
SRX069130	SAMN00622255
SRX12964391	SAMN22866257
SRX037114	SAMN00189406
SRX12403375	SAMN21899223
SRX5535446	SAMN11159901
SRX11039267	SAMN19487962
SRX1177282	SAMN04025808
SRX3233164	SAMN07720193
SRX069216	SAMN00622341
SRX8030728	SAMN14487998
ERX3498805	SAMEA5861295
SRX730376	SAMN03102952
SRX730378	SAMN03102954
DRX002907	SAMD00006329
SRX263275	SAMN02356069
ERX2408650	SAMEA104664386
ERX2413486	SAMEA104665831
ERX2413484	SAMEA104665829
SRX2370823	SAMN06044523
SRX17174373	SAMN30445132
SRX17174301	SAMN30445160
SRX263294	SAMN02356160
SRX4511324	SAMN09769274
SRX11410600	SAMN20169700
DRX218759	SAMD00226304
SRX2011494	SAMN05558701
SRX5535450	SAMN11159844
SRX6935350	SAMN12886813
SRX5535451	SAMN11159843
SRX1592801	SAMN04503274
SRX3257624	SAMN07757300
SRX4741415	SAMN10132641
SRX026880	SAMN00113401
SRX5517028	SAMN11120545
SRX263240	SAMN02356110
SRX2463364	SAMN06203226
SRX193610	SAMN01761118
SRX12403371	SAMN21899219
SRX263267	SAMN02356097
SRX7650088	SAMN13944131
SRX13875144	SAMN25207709
SRX2370610	SAMN06044534
SRX100894	SAMN00739105
SRX1380827	SAMN04215185
SRX1997063	SAMN05508649
SRX1997067	SAMN05508645
SRX12193559	SAMN21439497
SRX15663467	SAMN28956652
SRX2370745	SAMN06044536
SRX17174305	SAMN30445164
SRX13006260	SAMN22819140
SRX11238022	SAMN19904574
SRX263300	SAMN02356146
SRX6935352	SAMN12886811
SRX1528532	SAMN04397490
SRX13171786	SAMN23297518
SRX13171793	SAMN23297511
SRX5259042	SAMN10766069
SRX2911572	SAMN07222602
SRX10445270	SAMN18492144
SRX10476472	SAMN18514296
ERX1930086	SAMEA103891180
SRX1690214	SAMN04632505
SRX5535456	SAMN11159838
SRX2404690	SAMN06121297
SRX4472228	SAMN09723189
SRX698181	SAMN03031493
SRX10170781	SAMN18059290
SRX2662994	SAMN06629442
SRX6793188	SAMN12683687
SRX17313975	SAMN30566543
ERX2413488	SAMEA104665833
SRX067429	SAMN00622099
SRX5535455	SAMN11159839
SRX17163668	SAMN30429990
SRX17174307	SAMN30445166
SRX263301	SAMN02356149
SRX263302	SAMN02356153
SRX1096824	SAMN03857993
SRX743524	SAMN03143526
SRX18476500	SAMN32011038
SRX12837597	SAMN22783155
SRX17174278	SAMN30445046
SRX17174321	SAMN30444941
SRX263296	SAMN02356133
SRX7267233	SAMN13477865
SRX11376893	SAMN20111668
SRX100414	SAMN00738331
SRX263282	SAMN02356125
SRX263295	SAMN02356134
SRX11179250	SAMN19773288
SRX11766140	SAMN20835387
SRX11238021	SAMN19904575
SRX13167340	SAMN23285064
SRX5353177	SAMN10904608
SRX10475126	SAMN18513507
SRX14760955	SAMN27382163
SRX17174296	SAMN30445103
SRX17174282	SAMN30445050
SRX1096825	SAMN03857994
SRX263276	SAMN02356067
SRX019331	SAMN00011715
SRX11998882	SAMN21208751
SRX263248	SAMN02356078
SRX1096826	SAMN03857995
SRX2630193	SAMN06464506
SRX17174284	SAMN30445052
SRX263272	SAMN02356087
SRX330106	SAMN02298424
SRX10031197	SAMN17796941
SRX12250136	SAMN21501784
SRX6805943	SAMN12699108
SRX10031198	SAMN17796939
SRX14636788	SAMN27021667
SRX15710560	SAMN29058360
SRX20503984	SAMN35347193
SRX5517048	SAMN11122062
SRX7267261	SAMN13477881
SRX10475567	SAMN18512715
SRX263292	SAMN02356139
SRX18645187	SAMN32166863
SRX10001296	SAMN17734318
SRX10001297	SAMN17734317
SRX10001298	SAMN17734316
SRX4993124	SAMN10392624
SRX5517031	SAMN11120542
SRX11053956	SAMN19549513
DRX197958	SAMD00202675
SRX11053957	SAMN19549512
SRX11053958	SAMN19549511
SRX10081215	SAMN17869546
DRX000550	SAMD00008684
SRX3433963	SAMN08114917
ERX2413490	SAMEA104665835
SRX10165735	SAMN18053291
SRX10660668	SAMN04284422
SRX13171807	SAMN23297497
SRX069115	SAMN00622240
SRX4679523	SAMN10058637
SRX037115	SAMN00189407
SRX5535462	SAMN11159976
SRX10001299	SAMN17734315
SRX10001300	SAMN17734314
SRX17174323	SAMN30444943
SRX11998878	SAMN21208742
SRX263246	SAMN02356068
SRX263306	SAMN02356102
SRX17079324	SAMN30319240
SRX6075149	SAMN12070304
SRX6075155	SAMN12070298
SRX9684055	SAMN17078398
SRX11657258	SAMN20593744
SRX5562442	SAMN11239246
SRX11053959	SAMN19549510
SRX14960607	SAMN27732588
SRX10809341	SAMN19051502
SRX263291	SAMN02356152
SRX263283	SAMN02356147
SRX20635167	SAMN35668473
SRX2430639	SAMN06157977
SRX11998874	SAMN21208744
DRX156327	SAMD00158930
SRX018277	SAMN00010212
DRX156328	SAMD00158931
SRX17174334	SAMN30444958
SRX263243	SAMN02356091
SRX998286	SAMN03487932
SRX13167380	SAMN23285130
SRX10187775	SAMN13691279
SRX13875317	SAMN25207724
SRX5535464	SAMN11159974
SRX5517030	SAMN11120543
SRX4741418	SAMN10132638
SRX10001301	SAMN17734313
DRX156329	SAMD00158932
SRX15913410	SAMN29379489
SRX263303	SAMN02356138
SRX12403377	SAMN21899225
SRX17174344	SAMN30444968
SRX263265	SAMN02356095
SRX17174324	SAMN30444948
SRX1096827	SAMN03857996
SRX263384	SAMN02356065
SRX2793421	SAMN06921258
SRX7695532	SAMN14069442
ERX026985	SAMEA1094407
SRX13363948	SAMN23818543
SRX15409151	SAMN28591128
SRX3268815	SAMN07770203
SRX16766489	SAMN30089381
SRX5379738	SAMN10939797
SRX11379483	SAMN20118432
SRX10104970	SAMN17921788
SRX18377979	SAMN31872152
SRX7498494	SAMN13719293
SRX17443993	SAMN30685936
SRX10859354	SAMN19131518
SRX11763397	SAMN20803675
SRX4132343	SAMN09272150
SRX4132345	SAMN09272148
SRX6894524	SAMN12828011
SRX10484568	SAMN18543095
SRX2748844	SAMN06768623
SRX026916	SAMN00113443
SRX12521944	SAMN22135723
SRX069124	SAMN00622249
SRX11715551	SAMN20704312
SRX2370613	SAMN06044712
SRX3468006	SAMN08172094
SRX7671888	SAMN13991568
SRX3739733	SAMN08596263
SRX7922113	SAMN14387187
SRX2254516	SAMN05930209
SRX2254517	SAMN05930252
SRX2254518	SAMN05930251
SRX2254519	SAMN05930250
SRX8218288	SAMN14783482
SRX17911759	SAMN30348008
SRX1286264	SAMN04110955
SRX6493800	SAMN12345742
SRX6890797	SAMN12822391
SRX13052779	SAMN22984287
SRX7198483	SAMN13347836
SRX15289750	SAMN27176882
SRX9090249	SAMN16078528
SRX14032768	SAMN25637701
SRX10881799	SAMN19190449
SRX273388	SAMN02116210
SRX4605750	SAMN09907037
SRX10710548	SAMN18921389
SRX1322300	SAMN04158409
SRX10710549	SAMN18921384
SRX4579183	SAMN09864104
SRX2254520	SAMN05930249
SRX6871364	SAMN12786824
SRX5307256	SAMN10841492
SRX6631787	SAMN12419362
SRX10037283	SAMN17812039
SRX9285873	SAMN16428346
SRX9708458	SAMN03255769
SRX100887	SAMN00739098
SRX625705	SAMN02872992
SRX12499035	SAMN22082263
SRX8884980	SAMN15729620
SRX1410753	SAMN04231485
SRX2463353	SAMN06203237
SRX2254521	SAMN05930248
SRX2409189	SAMN06128198
SRX087844	SAMN00691160
SRX2370658	SAMN06044506
SRX11166823	SAMN19730654
ERX635682	SAMEA3157840
SRX1629831	SAMN04547005
SRX19794871	SAMN33948782
SRX4680207	SAMN10059789
DRX299895	SAMD00389434
SRX099875	SAMN00737714
SRX099870	SAMN00737709
DRX014752	SAMD00016570
SRX253227	SAMN01985574
SRX10049148	SAMN17834444
SRX3164028	SAMN07610285
SRX13440984	SAMN24171419
SRX3046137	SAMN07423761
SRX448680	SAMN02595800
SRX448681	SAMN02595798
SRX448682	SAMN02595801
SRX448683	SAMN02595799
SRX6582166	SAMN12354157
SRX7719067	SAMN14096341
SRX037109	SAMN00189401
SRX1178183	SAMN04027075
SRX16741293	SAMN30066470
SRX069108	SAMN00622233
SRX17122683	SAMN30376247
SRX11484789	SAMN20284370
SRX13833677	SAMN25124767
SRX069169	SAMN00622288
SRX069182	SAMN00622307
SRX7498496	SAMN13719288
SRX069143	SAMN00622268
DRX080942	SAMD00074440
SRX1845233	SAMN05249818
SRX069121	SAMN00622246
SRX9088900	SAMN15953027
SRX11439163	SAMN20208641
SRX10035156	SAMN17804400
SRX3468041	SAMN08172268
SRX16687587	SAMN29990094
SRX100900	SAMN00739111
SRX8433706	SAMN15069253
SRX10895611	SAMN19217243
SRX10410793	SAMN18420440
SRX2250317	SAMN05915899
SRX3450316	SAMN08138347
SRX11439167	SAMN20208647
SRX7213743	SAMN13384026
ERX5400961	SAMEA8536090
SRX503331	SAMN02711800
SRX956392	SAMN03407245
SRX13508457	SAMN24424611
SRX9216306	SAMN16293900
SRX9216308	SAMN16293898
SRX9216310	SAMN16293896
SRX17426974	SAMN30673438
SRX5212357	SAMN10699291
ERX2620254	SAMEA4699327
SRX11832864	SAMN20867028
SRX10476578	SAMN18514230
SRX8119677	SAMN14601651
SRX3907937	SAMN08896845
SRX16881719	SAMN30167971
SRX17912007	SAMN30348053
SRX1054538	SAMN03766265
SRX10239413	SAMN18140317
SRX14428625	SAMN26563448
SRX14908971	SAMN27630546
SRX10001358	SAMN17734286
SRX11329581	SAMN19998515
SRX087846	SAMN00691162
SRX10710544	SAMN18921385
SRX10710546	SAMN18921394
SRX10710550	SAMN18921382
SRX10346642	SAMN18314255
SRX11663902	SAMN20602854
SRX905366	SAMN03392525
SRX6704671	SAMN12562939
SRX189414	SAMN01730105
SRX12287167	SAMN21523865
SRX18377977	SAMN31872154
SRX18688439	SAMN32216656
SRX17415859	SAMN30655866
SRX17415858	SAMN30655867
SRX7083350	SAMN13175614
SRX9069600	SAMN16053483
SRX15591227	SAMN28860863
SRX7083420	SAMN13175620
SRX1549346	SAMN04444304
ERX5400969	SAMEA8536098
SRX18812875	SAMN32354076
SRX11189856	SAMN19798617
SRX2193418	SAMN05830183
SRX2695614	SAMN06672334
SRX2193417	SAMN05830184
SRX6805942	SAMN12699103
SRX087842	SAMN00691158
SRX17608310	SAMN30892257
SRX13212042	SAMN23413516
SRX10665795	SAMN18848733
SRX18119380	SAMN31572031
SRX20326032	SAMN35068604
DRX080944	SAMD00074441
SRX7498497	SAMN13719286
SRX10418001	SAMN18437809
SRX152824	SAMN01047717
SRX2741418	SAMN06758430
SRX956391	SAMN03407262
SRX8213852	SAMN14777735
SRX4579186	SAMN09864101
SRX2823547	SAMN07124050
SRX2823548	SAMN07124049
SRX2823549	SAMN07124048
SRX2823550	SAMN07124047
SRX055173	SAMN00254291
SRX6873170	SAMN12787856
SRX8970960	SAMN15857548
SRX17500590	SAMN30747971
SRX14367143	SAMN26435044
SRX1131568	SAMN03952705
SRX14953981	SAMN27723709
SRX10234708	SAMN18132849
SRX12501768	SAMN22091340
ERX2515285	SAMEA1057881
SRX5549016	SAMN11179407
SRX018501	SAMN00010679
SRX392687	SAMN02444803
SRX1094454	SAMN03857493
SRX9216304	SAMN16293902
SRX8815508	SAMN15635925
SRX6367745	SAMN12142085
SRX13052787	SAMN22984295
SRX10474882	SAMN07790984
SRX9620014	SAMN16981155
SRX9005594	SAMN15903978
SRX2370698	SAMN06044562
SRX10581914	SAMN18717764
SRX2847131	SAMN07160077
SRX13440976	SAMN24171427
SRX956390	SAMN03407243
SRX2254533	SAMN05930236
SRX10167197	SAMN18054123
SRX8163360	SAMN14677831
SRX371427	SAMN02198146
SRX11760873	SAMN20800819
SRX10644676	SAMN18811142
SRX14998192	SAMN27777207
SRX16687589	SAMN29990092
SRX11760876	SAMN20800807
SRX10478329	SAMN18514013
SRX190770	SAMN01881275
SRX11242587	SAMN19915269
SRX10251093	SAMN18182823
SRX189432	SAMN01730123
SRX15289751	SAMN27176883
SRX1678320	SAMN04606233
SRX147681	SAMN00993212
SRX8150295	SAMN14655114
SRX13445081	SAMN24175453
SRX069088	SAMN00622213
SRX5517032	SAMN11122077
SRX11704510	SAMN20693634
SRX2254534	SAMN05930235
SRX9670763	SAMN17016283
SRX7548614	SAMN13837242
SRX13711117	SAMN24812217
SRX10475361	SAMN07791254
ERX2722654	SAMEA4799807
SRX10000133	SAMN17730299
SRX2203276	SAMN05856041
ERX3774045	SAMEA6428044
SRX15209556	SAMN28160166
SRX100896	SAMN00739107
SRX8664986	SAMN15443011
SRX8171717	SAMN14689490
SRX8135275	SAMN14615215
SRX9670750	SAMN17016271
SRX9670748	SAMN17016269
SRX15209553	SAMN28160169
SRX15209551	SAMN28160171
SRX15209552	SAMN28160170
ERX2722660	SAMEA4799813
SRX1098170	SAMN03862003
SRX11485697	SAMN20286358
SRX9670756	SAMN17016259
SRX3474532	SAMN08182276
SRX3474528	SAMN08182281
SRX9670757	SAMN17016277
SRX11665057	SAMN20603999
SRX15209559	SAMN28160163
ERX2722667	SAMEA4799820
ERX103425	SAMEA1325314
SRX1681508	SAMN03339174
SRX18928741	SAMN32578672
ERX2078770	SAMEA104143687
ERX629395	SAMEA3121280
SRX1722843	SAMN04889756
SRX9120524	SAMN16130032
SRX10000129	SAMN17730298
SRX1681506	SAMN03339200
SRX18928746	SAMN32578667
SRX1681503	SAMN03339198
SRX13052784	SAMN22984292
ERX1837338	SAMEA38955418
SRX7980684	SAMN14438277
SRX4179940	SAMN09379657
SRX8026228	SAMN14485816
SRX10475603	SAMN18514066
SRX9452639	SAMN16689247
SRX288274	SAMN02183433
SRX100915	SAMN00739126
SRX1389376	SAMN04219074
SRX15203086	SAMN28131609
SRX825370	SAMN03273786
SRX13446133	SAMN24196318
SRX15209554	SAMN28160168
SRX15209558	SAMN28160164
SRX9670765	SAMN17016285
SRX11665062	SAMN20604013
SRX21022204	SAMN36449342
SRX15209555	SAMN28160167
SRX9670744	SAMN17016257
SRX16711527	SAMN30015538
SRX17533677	SAMN30808807
SRX203313	SAMN01804535
SRX17533670	SAMN30808814
SRX10162674	SAMN18045847
SRX10578780	SAMN18713926
SRX069084	SAMN00622209
SRX8295672	SAMN14858752
SRX9938026	SAMN17575476
SRX9938025	SAMN17575477
SRX089254	SAMN00696715
SRX1497438	SAMN04362418
SRX13830059	SAMN25118397
SRX13830082	SAMN25118348
SRX10003070	SAMN17736600
SRX2370686	SAMN06044564
SRX4520652	SAMN09783569
SRX3302803	SAMN07815084
SRX4676641	SAMN10055323
SRX1806736	SAMN05185918
SRX1534789	SAMN04421902
DRX367173	SAMD00494728
SRX026055	SAMN00109769
SRX026056	SAMN00109770
ERX026020	SAMEA1552718
SRX10003026	SAMN17736325
SRX13980378	SAMN25391498
SRX12964936	SAMN22867335
ERX4142959	SAMEA6862991
SRX12964957	SAMN22867394
SRX12964963	SAMN22867400
SRX3875588	SAMN08849487
SRX119680	SAMN00788814
SRX15808767	SAMN29222436
SRX10175717	SAMN18063154
SRX7135453	SAMN13279935
SRX12964975	SAMN22867372
SRX3481056	SAMN08200554
SRX8089831	SAMN14567168
SRX10317651	SAMN18264112
SRX10596942	SAMN18737277
SRX10596950	SAMN18737269
SRX3941851	SAMN08937492
SRX035159	SAMN00149672
SRX12964987	SAMN22867390
SRX8650810	SAMN15419181
ERX2154405	SAMEA104215615
SRX059360	SAMN00262237
SRX11583634	SAMN20456488
SRX20246332	SAMN34894757
ERX4281715	SAMEA7057408
SRX11141585	SAMN19697460
SRX12964952	SAMN22867353
SRX081148	SAMN00631722
SRX5191019	SAMN10663364
ERX223313	SAMEA1906351
SRX037112	SAMN00189404
ERX1055079	SAMEA3498901
SRX180815	SAMN01129802
SRX180775	SAMN01129762
ERX2649230	SAMEA4724923
SRX040982	SAMN00205666
SRX040931	SAMN00205659
SRX040975	SAMN00205667
SRX18009366	SAMN31430991
ERX873853	SAMEA3311865
SRX180774	SAMN01129761
SRX019705	SAMN00012081
SRX825312	SAMN03272724
SRX4794743	SAMN10172251
SRX4794736	SAMN10172258
SRX13948950	SAMN25336244
SRX1534779	SAMN04421890
SRX1534787	SAMN04421900
SRX11783369	SAMN20813731
SRX1668619	SAMN04589830
SRX378120	SAMN02404510
SRX019883	SAMN00012251
SRX018794	SAMN00010933
SRX018795	SAMN00010934
SRX018796	SAMN00010935
SRX026060	SAMN00109774
SRX19051571	SAMN32768563
DRX118408	SAMD00109173
SRX8814978	SAMN15629997
DRX228095	SAMD00236150
SRX11384920	SAMN20124786
ERX4055786	SAMEA6798317
SRX3100885	SAMN07514693
SRX3584288	SAMN08362400
SRX5709085	SAMN11463459
SRX4925282	SAMN10282711
SRX9794600	SAMN17228537
SRX1099948	SAMN03876609
SRX12202834	SAMN21450254
SRX3130880	SAMN07559491
SRX10271387	SAMN18208352
SRX13198206	SAMN23390653
SRX4925284	SAMN10282708
ERX1869423	SAMEA103885158
SRX9690502	SAMN17092044
SRX5776099	SAMN11553141
DRX227594	SAMD00235773
SRX11424017	SAMN20188961
SRX12104022	SAMN21357511
SRX3395146	SAMN08028495
SRX10815695	SAMN19068353
DRX118406	SAMD00109171
SRX8012882	SAMN14469260
SRX11665255	SAMN20604136
SRX555489	SAMN02803873
SRX037077	SAMN00189369
SRX095366	SAMN00715070
SRX084800	SAMN00672676
SRX10815669	SAMN19068286
DRX118410	SAMD00109175
SRX12495361	SAMN22069429
SRX022566	SAMN00016579
SRX6952607	SAMN12915928
SRX10515088	SAMN18620484
SRX10372581	SAMN18344067
SRX20982922	SAMN36407495
SRX10030124	SAMN17797867
SRX10001340	SAMN17734340
SRX1090890	SAMN03853053
SRX8949801	SAMN15824236
SRX212375	SAMN01840460
SRX8406498	SAMN15032600
SRX2388755	SAMN06094256
SRX10940572	SAMN19274593
DRX336399	SAMD00441981
SRX5124821	SAMN10580038
ERX1965642	SAMEA103953785
SRX2866969	SAMN07175051
DRX336900	SAMD00441974
SRX4582746	SAMN09869867
SRX3159217	SAMN07604369
SRX10409428	SAMN18419305
SRX3372017	SAMN07988800
SRX8041949	SAMN14517315
SRX14181206	SAMN25948782
SRX20436796	SAMN35177740
SRX1669917	SAMN04590300
SRX11984653	SAMN21171248
DRX015369	SAMD00011685
SRX13845493	SAMN25144500
SRX6077665	SAMN12077223
SRX18050324	SAMN31492796
SRX1502197	SAMN04370245
SRX11646086	SAMN20570582
SRX10520000	SAMN18632325
SRX4514425	SAMN09770800
SRX13639388	SAMN24694374
SRX2023278	SAMN05577709
SRX13823950	SAMN25068133
SRX022577	SAMN00016590
SRX5401652	SAMN10983209
SRX13823928	SAMN25068155
SRX6493788	SAMN12345754
SRX13052785	SAMN22984293
SRX2023282	SAMN05577713
SRX10187766	SAMN13691272
SRX3899240	SAMN08886706
SRX16341069	SAMN29826790
SRX12971643	SAMN22889086
SRX6664870	SAMN12512830
SRX2633442	SAMN06561836
SRX8127989	SAMN14609484
SRX2633446	SAMN06561832
SRX18840889	SAMN32389245
SRX022575	SAMN00016588
SRX10187589	SAMN18053317
SRX7484913	SAMN13705337
SRX8041943	SAMN14517337
SRX020917	SAMN00013821
SRX099183	SAMN00727908
ERX007059	SAMEA896747
DRX169019	SAMD00169928
SRX4132347	SAMN09272146
SRX11969036	SAMN21040839
SRX2514244	SAMN06256052
SRX13965905	SAMN25353144
DRX013514	SAMD00015878
SRX17658339	SAMN30951218
SRX1816524	SAMN05196002
SRX14335688	SAMN26350152
SRX10918071	SAMN19240802
SRX026535	SAMN00110688
SRX1002670	SAMN03496004
SRX12121312	SAMN21368273
SRX13052788	SAMN22984296
SRX1048945	SAMN03761822
SRX1745724	SAMN04958923
SRX14367141	SAMN26435046
SRX14853137	SAMN27584934
SRX4116058	SAMN09238405
SRX10474943	SAMN18514298
DRX402466	SAMD00555404
SRX1678206	SAMN04605763
SRX1678204	SAMN04605761
SRX2982417	SAMN07314652
SRX11867030	SAMN20933200
DRX326473	SAMD00436855
DRX000546	SAMD00004141
SRX5504472	SAMN11101390
SRX026533	SAMN00110686
SRX4132353	SAMN09272140
SRX4009698	SAMN08998279
SRX378796	SAMN02404820
SRX4132355	SAMN09272138
SRX17491548	SAMN30728089
SRX6635806	SAMN12425884
SRX15105390	SAMN28036168
SRX610672	SAMN02866221
SRX1802467	SAMN05180648
SRX1225018	SAMN04053595
ERX9714169	SAMEA111348586
SRX11525505	SAMN20353350
SRX4132363	SAMN09272130
SRX18031876	SAMN31461708
DRX020604	SAMD00005178
SRX10194701	SAMN18093959
SRX378010	SAMN02403958
SRX14853139	SAMN27584932
SRX14248015	SAMN26156370
SRX11828600	SAMN20863729
SRX10187575	SAMN12641510
SRX10660640	SAMN18814016